{
  "Baseline SDXL": {
    "times": [
      0.0028295516967773438,
      10.018917083740234,
      10.017083644866943
    ],
    "average_time": 6.679610093434651,
    "min_time": 0.0028295516967773438,
    "max_time": 10.018917083740234,
    "std_dev": 5.78226163730695,
    "errors": [],
    "success_rate": 1.0
  },
  "DonutNodes TeaCache": {
    "times": [
      0.0037484169006347656,
      4.009241104125977,
      4.008933782577515
    ],
    "average_time": 2.6739744345347085,
    "min_time": 0.0037484169006347656,
    "max_time": 4.009241104125977,
    "std_dev": 2.3124835702225166,
    "errors": [],
    "success_rate": 1.0
  },
  "Wavespeed FBCache": {
    "times": [
      0.0032570362091064453,
      7.013163089752197,
      6.01081657409668
    ],
    "average_time": 4.342412233352661,
    "min_time": 0.0032570362091064453,
    "max_time": 7.013163089752197,
    "std_dev": 3.791091597816535,
    "errors": [],
    "success_rate": 1.0
  },
  "StableFast": {
    "error": "All runs failed",
    "errors": [
      "'prompt_id'",
      "'prompt_id'",
      "'prompt_id'"
    ]
  }
}